,hour,PM25_30,PM25_50,TEMP,RH,BP,WD,WS
1,5/19/2015 0:00,21.3,15.8,22.1,9.1,998.6,302.4695989,4.340000017
2,5/19/2015 1:00,21.8,9.7,21.6,5.8,998.7,312.5447993,4.855833344
3,5/19/2015 2:00,17.5,8.2,21.1,6.0,998.6,299.6807979,5.668916659
4,5/19/2015 3:00,11.4,5.6,20.9,6.8,998.5,302.3724002,5.143333324
5,5/19/2015 4:00,11.8,6.5,20.6,7.4,998.6,306.9467982,4.39549998
6,5/19/2015 5:00,17.2,11.7,20.6,8.3,999.0,290.178,3.355999996
7,5/19/2015 6:00,29.4,18.6,21.4,10.6,999.5,305.9735988,3.690666662
8,5/19/2015 7:00,29.6,14.1,21.5,10.1,1000.0,305.1359992,7.366083308
9,5/19/2015 8:00,21.2,12.6,21.8,9.9,1000.0,309.557999,7.322583377
10,5/19/2015 9:00,20.5,8.8,22.4,9.6,999.8,307.5335992,8.192583378
11,5/19/2015 10:00,30.7,23.6,23.5,10.1,999.8,292.6007994,7.108666631
12,5/19/2015 11:00,18.8,27.8,24.2,11.1,999.9,307.5647999,8.618666673
13,5/19/2015 12:00,27.9,18.2,25.6,12.1,999.9,286.3344,5.628250033
14,5/19/2015 13:00,26.3,19.9,26.7,13.5,1000.0,290.4071969,5.045333358
15,5/19/2015 14:00,48.1,30.0,26.8,16.9,1000.1,267.1667988,4.356416684
16,5/19/2015 15:00,22.6,20.6,26.3,17.9,1000.6,272.821199,5.000249996
17,5/19/2015 16:00,15.9,16.4,25.9,18.7,1001.3,244.250401,4.926750028
18,5/19/2015 17:00,9.8,9.6,25.7,19.3,1001.8,291.0420008,4.275749989
19,5/19/2015 18:00,15.6,12.3,25.1,19.6,1002.2,286.3523993,3.937166677
20,5/19/2015 19:00,23.3,19.1,23.8,21.0,1002.9,298.9055985,3.446666682
21,5/19/2015 20:00,17.1,17.2,23.1,21.4,1003.9,293.275198,3.411166664
22,5/19/2015 21:00,25.1,20.9,22.2,23.6,1005.1,305.0819996,2.493500002
23,5/19/2015 22:00,21.8,19.2,21.3,24.7,1005.9,299.4047971,2.339583335
24,5/19/2015 23:00,14.7,17.6,20.9,25.1,1006.6,286.1015986,2.089333319
25,5/20/2015 0:00,9.8,11.7,20.5,25.5,1007.1,313.7411992,2.950749992
26,5/20/2015 1:00,,12.4,20.6,25.5,1007.3,317.1612015,2.793666653
27,5/20/2015 2:00,11.9,12.8,19.9,27.5,1007.7,309.9191979,2.37816666
28,5/20/2015 3:00,14.4,14.7,19.4,28.4,1008.3,289.9427976,2.505583336
29,5/20/2015 4:00,12.9,14.3,18.9,29.4,1008.8,255.3335998,1.583833331
30,5/20/2015 5:00,17.1,15.3,19.1,29.5,1009.3,307.2191996,2.6455
31,5/20/2015 6:00,33.6,27.3,20.5,29.7,1010.0,295.5036005,2.005833341
32,5/20/2015 7:00,22.3,21.3,22.0,27.6,1010.5,291.0648007,2.698750001
33,5/20/2015 8:00,12.1,14.8,23.7,24.1,1010.8,273.1080007,3.188666646
34,5/20/2015 9:00,9.1,10.9,24.8,21.2,1011.0,297.7223983,4.048833344
35,5/20/2015 10:00,8.1,6.5,26.1,19.7,1010.6,265.8611989,3.544833326
36,5/20/2015 11:00,3.5,5.9,27.1,17.7,1009.7,281.7612008,3.222166665
37,5/20/2015 12:00,12.0,9.9,28.1,16.9,1009.2,292.4939993,3.52733332
38,5/20/2015 13:00,6.5,4.7,29.2,15.7,1008.1,269.3003997,3.10691667
39,5/20/2015 14:00,14.5,6.1,29.7,14.9,1007.2,266.8488,3.200750017
40,5/20/2015 15:00,10.9,6.0,30.6,14.5,1006.2,267.9432001,2.891499998
41,5/20/2015 16:00,31.7,3.4,30.7,13.7,1005.6,267.5483995,2.46358334
42,5/20/2015 17:00,85.3,63.3,29.6,16.0,1005.3,219.8459998,3.368916664
43,5/20/2015 18:00,38.9,26.3,27.6,20.1,1005.5,210.3732,4.124583324
44,5/20/2015 19:00,35.5,26.9,26.3,22.5,1005.8,201.8123995,3.975333323
45,5/20/2015 20:00,30.0,29.0,25.4,23.8,1006.1,211.8156001,3.398500005
46,5/20/2015 21:00,28.7,30.9,24.7,25.2,1006.5,207.9096003,3.922999994
47,5/20/2015 22:00,27.0,27.0,24.2,26.4,1006.5,204.0167999,3.315916667
48,5/20/2015 23:00,26.4,28.5,23.6,26.9,1006.6,205.4712001,3.101250025
49,5/21/2015 0:00,25.4,27.4,23.1,27.7,1006.8,199.3260001,2.537833335
50,5/21/2015 1:00,21.8,29.4,21.9,30.4,1006.4,279.4739998,0.880083332
51,5/21/2015 2:00,28.9,39.1,20.6,36.0,1006.1,253.4927988,0.695333328
52,5/21/2015 3:00,39.4,45.4,19.4,43.3,1006.5,263.7635992,0.754916666
53,5/21/2015 4:00,37.2,37.2,18.8,42.3,1006.4,271.0464007,0.962250001
54,5/21/2015 5:00,38.3,44.0,18.7,42.9,1006.4,262.8491985,0.808916662
55,5/21/2015 6:00,43.1,38.0,20.7,36.6,1006.5,227.0076002,0.677499995
56,5/21/2015 7:00,43.7,39.9,22.4,31.6,1006.6,147.190801,1.09058333
57,5/21/2015 8:00,37.2,40.8,23.4,28.2,1006.8,135.0072001,1.052583332
58,5/21/2015 9:00,33.5,35.6,25.5,25.7,1006.4,174.1512001,1.214499994
59,5/21/2015 10:00,30.6,29.4,26.6,23.7,1006.0,138.951601,1.895583323
60,5/21/2015 11:00,41.9,44.3,27.6,24.6,1005.5,170.1708009,2.698500004
61,5/21/2015 12:00,31.4,18.6,28.5,22.1,1004.6,181.4147999,3.579833314
62,5/21/2015 13:00,36.1,34.4,28.0,22.1,1003.8,198.782399,3.823166666
63,5/21/2015 14:00,35.2,34.5,28.6,22.1,1002.7,197.2236001,4.262499994
64,5/21/2015 15:00,43.8,50.8,28.3,25.2,1002.0,195.2016012,4.764749992
65,5/21/2015 16:00,42.7,44.6,28.2,27.8,1001.6,186.8040001,4.680916677
66,5/21/2015 17:00,32.4,30.0,27.2,28.4,1001.4,196.5828,4.919000006
67,5/21/2015 18:00,29.8,27.7,26.0,30.0,1001.6,195.3792005,5.260916658
68,5/21/2015 19:00,26.4,28.2,24.7,31.0,1001.8,203.1516003,4.853916669
69,5/21/2015 20:00,30.2,32.6,23.6,33.1,1002.2,199.9692004,4.86224998
70,5/21/2015 21:00,33.6,33.8,22.8,35.5,1002.7,195.687601,4.628833365
71,5/21/2015 22:00,22.3,28.4,22.1,37.2,1003.0,198.7187997,4.148333323
72,5/21/2015 23:00,21.2,26.8,21.3,38.4,1003.2,211.3776001,3.550500002
73,5/22/2015 0:00,23.6,29.8,20.3,40.7,1003.2,230.9903994,2.838666661
74,5/22/2015 1:00,23.7,31.0,19.6,42.9,1003.5,210.4524002,2.617000007
75,5/22/2015 2:00,25.2,31.9,19.1,44.9,1003.3,225.8136009,1.791166675
76,5/22/2015 3:00,29.1,34.7,18.6,47.1,1003.2,259.4807983,1.29733333
77,5/22/2015 4:00,34.9,44.2,17.7,52.1,1003.3,284.6327983,1.667166663
78,5/22/2015 5:00,39.2,41.4,17.4,54.4,1003.7,269.8956003,1.427749999
79,5/22/2015 6:00,60.1,47.3,19.8,46.9,1004.0,232.0776002,1.081
80,5/22/2015 7:00,44.5,45.5,20.8,41.9,1004.3,197.2031995,1.069583335
81,5/22/2015 8:00,52.1,46.7,22.5,38.5,1004.5,182.2116001,1.222166664
82,5/22/2015 9:00,43.9,43.8,24.2,35.5,1004.3,198.7091995,1.40066666
83,5/22/2015 10:00,48.2,46.0,25.7,33.8,1004.0,152.4863995,1.406916665
84,5/22/2015 11:00,48.4,44.8,27.1,31.7,1003.6,174.3599993,1.787416671
85,5/22/2015 12:00,56.3,50.4,27.7,31.1,1002.6,162.8004007,2.19691667
86,5/22/2015 13:00,62.4,47.4,28.8,29.1,1001.6,156.0732007,2.591083336
87,5/22/2015 14:00,53.8,30.1,29.6,26.4,1000.7,152.079601,2.932166657
88,5/22/2015 15:00,28.8,30.1,29.7,26.6,999.9,188.3807985,3.256500014
89,5/22/2015 16:00,28.0,29.1,29.3,27.5,999.5,212.2991997,3.741666667
90,5/22/2015 17:00,26.8,33.5,29.1,27.4,999.3,183.4908001,3.155833355
91,5/22/2015 18:00,42.8,49.0,28.6,29.8,999.4,209.2068,2.712083328
92,5/22/2015 19:00,,36.5,27.4,29.5,999.9,198.3960004,2.284083345
93,5/22/2015 20:00,43.1,49.6,26.6,31.9,1000.4,174.6659997,1.921166679
94,5/22/2015 21:00,41.4,50.2,26.0,32.9,1000.9,175.6488002,1.987916678
95,5/22/2015 22:00,49.2,58.0,25.3,35.6,1001.0,189.4848002,1.598499992
96,5/22/2015 23:00,53.8,62.8,24.7,37.5,1001.2,171.2904012,1.048666667
97,5/23/2015 0:00,60.9,71.9,22.6,44.9,1001.3,302.0891996,0.936499998
98,5/23/2015 1:00,61.9,71.0,21.8,48.2,1001.4,301.8492006,1.164333327
99,5/23/2015 2:00,58.2,64.5,20.8,49.9,1001.6,264.8639985,0.998249994
100,5/23/2015 3:00,70.0,80.1,19.7,55.1,1001.8,292.244401,1.360583329
101,5/23/2015 4:00,89.9,87.3,19.1,58.6,1002.0,283.9896019,1.718749994
102,5/23/2015 5:00,97.2,82.6,19.3,57.6,1002.1,255.4559998,1.016333336
103,5/23/2015 6:00,92.7,74.8,20.9,52.6,1002.5,229.9560004,1.023583331
104,5/23/2015 7:00,96.6,79.4,22.8,47.6,1002.8,171.5279989,0.965666664
105,5/23/2015 8:00,91.0,80.6,24.6,43.1,1002.6,166.9763985,1.098583327
106,5/23/2015 9:00,90.2,79.6,26.7,39.0,1002.3,165.4704017,1.133749998
107,5/23/2015 10:00,89.7,76.3,28.0,36.2,1001.9,175.407599,1.499833332
108,5/23/2015 11:00,84.5,76.0,29.3,34.5,1001.4,198.6107996,1.848083334
109,5/23/2015 12:00,87.6,73.5,30.2,33.0,1000.5,165.8340003,2.584999982
110,5/23/2015 13:00,57.3,51.6,30.9,30.7,999.9,170.3364005,3.222166653
111,5/23/2015 14:00,51.0,56.9,31.1,30.2,999.2,180.2988003,3.768416681
112,5/23/2015 15:00,57.3,69.9,30.7,32.4,998.8,186.0636002,3.749416679
113,5/23/2015 16:00,52.9,61.3,30.6,32.5,998.6,189.2183993,3.17925001
114,5/23/2015 17:00,55.9,59.6,30.3,33.1,998.5,182.9856002,3.270333312
115,5/23/2015 18:00,63.6,74.0,29.2,33.3,999.3,150.0455991,2.370000003
116,5/23/2015 19:00,66.9,78.8,28.5,36.0,999.8,159.8316008,2.101750001
117,5/23/2015 20:00,71.4,75.1,27.9,36.8,1000.2,155.0268008,2.253249997
118,5/23/2015 21:00,65.2,76.1,27.5,38.0,1000.8,143.1312003,2.127833329
119,5/23/2015 22:00,69.1,83.1,26.6,41.5,1000.6,227.3987986,1.70108334
120,5/23/2015 23:00,84.0,93.7,25.6,45.1,1000.6,222.0479998,1.677499998
121,5/24/2015 0:00,89.7,95.7,25.4,46.7,1000.4,141.0132004,2.036833322
122,5/24/2015 1:00,87.7,94.3,24.7,48.5,1000.4,133.5516003,1.969749983
123,5/24/2015 2:00,98.8,104.7,23.3,54.7,1000.3,255.2099994,1.153916666
124,5/24/2015 3:00,95.4,86.3,22.0,56.9,1000.2,252.9024002,0.798249997
125,5/24/2015 4:00,102.1,103.2,20.9,61.0,1000.3,288.4295993,1.549083335
126,5/24/2015 5:00,139.0,125.3,20.4,64.8,1000.8,275.2920015,1.536333326
127,5/24/2015 6:00,152.3,116.7,21.5,61.3,1001.1,267.513599,1.129833333
128,5/24/2015 7:00,152.2,109.7,23.0,56.0,1001.2,238.0223997,1.222666655
129,5/24/2015 8:00,148.8,110.8,23.9,53.5,1001.3,272.5440007,1.823333336
130,5/24/2015 9:00,150.7,113.8,26.2,47.8,1001.2,194.9687991,1.309666664
131,5/24/2015 10:00,154.4,120.7,28.0,43.7,1000.6,185.9255999,1.594583329
132,5/24/2015 11:00,133.5,113.2,29.8,38.9,999.9,177.0683995,2.51941666
133,5/24/2015 12:00,73.1,,30.5,33.3,999.0,183.7428003,3.727500012
134,5/24/2015 13:00,68.5,,31.5,30.7,997.9,175.9835997,4.273000028
135,5/24/2015 14:00,68.9,,31.4,31.7,997.3,190.7075998,3.315749991
136,5/24/2015 15:00,60.3,,31.2,30.7,997.2,190.1220002,2.98925002
137,5/24/2015 16:00,47.5,,31.8,29.4,996.7,167.1983994,2.671083337
138,5/24/2015 17:00,56.6,,31.6,28.6,996.7,178.7243989,3.297583338
139,5/24/2015 18:00,57.4,67.6,30.6,31.4,997.1,175.0212001,2.473416666
140,5/24/2015 19:00,61.1,72.8,29.5,34.7,997.7,173.3172,2.312166661
141,5/24/2015 20:00,65.6,73.7,29.0,35.7,998.1,198.8232005,2.660333327
142,5/24/2015 21:00,61.7,74.0,28.4,37.4,998.2,183.6900004,2.660583319
143,5/24/2015 22:00,62.9,76.0,27.6,39.6,997.9,186.0408,3.113999979
144,5/24/2015 23:00,62.2,72.9,26.9,41.7,997.6,201.0636009,2.189166671
145,5/25/2015 0:00,64.4,77.4,25.9,45.1,997.7,217.4496,2.118500001
146,5/25/2015 1:00,71.7,78.4,25.1,47.1,997.8,229.9523994,1.613000004
147,5/25/2015 2:00,74.1,83.6,24.4,49.3,997.9,250.8275996,1.351416667
148,5/25/2015 3:00,82.6,95.2,23.2,53.9,998.0,280.2011988,0.881500001
149,5/25/2015 4:00,83.5,91.0,22.4,56.5,998.5,275.1960013,1.023166666
150,5/25/2015 5:00,81.9,86.1,21.8,57.0,999.1,276.2627986,1.204833337
151,5/25/2015 6:00,88.5,96.5,22.6,56.3,999.3,273.3527992,1.45458333
152,5/25/2015 7:00,111.5,114.6,23.9,53.8,1000.0,272.0843973,1.830833336
153,5/25/2015 8:00,115.6,105.2,26.1,47.3,1000.3,231.9095992,1.522666671
154,5/25/2015 9:00,104.3,91.9,28.2,40.7,1000.2,179.3052018,1.315666666
155,5/25/2015 10:00,98.0,87.8,29.7,37.6,999.9,156.3768002,1.640333323
156,5/25/2015 11:00,96.7,88.1,31.3,34.5,999.3,187.6056003,2.121916675
157,5/25/2015 12:00,83.6,,32.7,29.4,998.4,168.1607995,2.891666644
158,5/25/2015 13:00,72.8,,33.2,26.2,997.8,187.5060006,3.715916691
159,5/25/2015 14:00,90.9,,33.0,30.5,997.3,198.415199,4.314000018
160,5/25/2015 15:00,96.1,125.5,33.4,32.1,996.8,172.5611999,3.585000002
161,5/25/2015 16:00,107.7,109.4,33.0,33.4,996.6,191.2752001,4.309916679
162,5/25/2015 17:00,105.2,113.2,32.3,34.6,996.4,181.0896001,5.079000016
163,5/25/2015 18:00,88.6,85.7,31.6,35.2,996.9,181.938,3.377166665
164,5/25/2015 19:00,69.0,75.7,30.5,35.5,997.2,183.9372003,3.970749992
165,5/25/2015 20:00,63.7,69.5,29.8,37.3,997.7,186.0455999,4.455083358
166,5/25/2015 21:00,62.9,69.6,29.2,38.8,998.3,185.0364,3.793083334
167,5/25/2015 22:00,56.5,56.7,28.6,38.8,998.4,184.7243999,3.57608335
168,5/25/2015 23:00,54.7,59.1,28.0,39.1,998.8,190.8515999,3.026333344
169,5/26/2015 0:00,53.2,61.7,27.1,41.3,999.0,201.0720005,2.598750001
170,5/26/2015 1:00,51.8,71.4,26.3,44.3,999.0,183.1236003,2.801666668
171,5/26/2015 2:00,58.6,68.6,25.5,47.8,999.1,199.3439995,2.16058334
172,5/26/2015 3:00,61.7,65.6,24.3,51.0,999.1,251.6939998,1.297499999
173,5/26/2015 4:00,65.7,74.3,24.6,50.8,999.3,191.9411989,1.083833329
174,5/26/2015 5:00,70.0,76.6,23.3,55.8,999.9,285.8568007,1.143166664
175,5/26/2015 6:00,77.6,85.0,23.7,55.8,1000.3,316.8864009,1.667583334
176,5/26/2015 7:00,78.3,77.3,25.3,50.5,1000.5,284.9988013,1.371333336
177,5/26/2015 8:00,79.7,83.2,27.4,45.6,1000.3,255.9839987,1.148500003
178,5/26/2015 9:00,80.9,85.8,29.3,41.6,1000.3,236.9699983,1.196333337
179,5/26/2015 10:00,79.4,75.2,30.8,38.0,999.7,202.3236008,2.101000015
180,5/26/2015 11:00,83.3,83.5,31.7,35.3,998.8,176.1108006,2.830750016
181,5/26/2015 12:00,85.6,88.4,32.3,33.8,998.0,175.7747996,3.615166654
182,5/26/2015 13:00,86.2,83.7,33.0,32.4,997.4,175.6883993,4.049083326
183,5/26/2015 14:00,73.1,77.0,33.6,31.4,996.7,187.1088009,3.865749983
184,5/26/2015 15:00,64.1,62.6,33.3,31.1,996.2,182.6448003,4.817833316
185,5/26/2015 16:00,59.9,55.9,33.0,30.7,995.8,187.4076,4.700916672
186,5/26/2015 17:00,52.0,44.7,32.4,28.8,995.8,182.4539998,5.285916658
187,5/26/2015 18:00,48.2,62.6,31.5,30.9,996.0,172.4424015,3.843833333
188,5/26/2015 19:00,48.2,61.1,30.4,34.6,996.6,178.2611997,3.522000007
189,5/26/2015 20:00,57.2,63.3,29.3,37.0,997.1,178.9296009,4.245249983
190,5/26/2015 21:00,52.7,58.7,28.5,38.0,997.7,176.2199999,3.239916648
191,5/26/2015 22:00,55.6,59.7,27.7,39.9,998.0,183.1595999,3.242000005
192,5/26/2015 23:00,56.1,66.8,26.5,44.1,998.5,174.8208004,3.744333305
193,5/27/2015 0:00,54.3,60.0,25.7,46.3,998.3,193.5215998,3.289249994
194,5/27/2015 1:00,57.0,64.4,25.0,48.7,998.0,199.2576001,2.86499999
195,5/27/2015 2:00,65.4,70.3,24.3,51.6,997.9,208.26,2.507916661
196,5/27/2015 3:00,67.0,71.0,23.5,54.4,998.0,202.9247991,2.197666643
197,5/27/2015 4:00,67.2,73.6,22.8,57.2,997.8,239.6856,1.713750012
198,5/27/2015 5:00,77.4,83.6,22.5,59.5,998.0,258.5723992,1.057749996
199,5/27/2015 6:00,79.4,87.6,23.5,58.6,998.5,299.3543992,1.234750002
200,5/27/2015 7:00,81.1,72.0,24.7,54.0,998.9,307.2731987,1.609750002
201,5/27/2015 8:00,83.2,87.6,26.0,50.6,999.3,288.4151995,1.663583328
202,5/27/2015 9:00,88.3,99.1,27.6,48.5,999.5,161.9687993,1.917500006
203,5/27/2015 10:00,97.5,91.2,28.8,44.7,999.3,153.1344,2.581166669
204,5/27/2015 11:00,,,29.4,39.4,999.0,176.3759996,3.085416663
205,5/27/2015 12:00,,,30.1,37.1,998.3,175.2240004,3.12608334
206,5/27/2015 13:00,,,31.1,33.5,997.5,163.0104008,3.000500019
207,5/27/2015 14:00,,,31.3,31.2,996.8,161.0039997,3.712250002
208,5/27/2015 15:00,,,32.2,28.6,996.1,181.9247988,2.715416672
209,5/27/2015 16:00,61.9,13.4,31.9,27.9,995.5,168.3983999,3.161500015
210,5/27/2015 17:00,71.8,24.3,31.0,32.4,995.3,208.4267992,3.617916673
211,5/27/2015 18:00,74.2,33.8,30.4,34.4,995.3,200.9208008,3.085499996
212,5/27/2015 19:00,83.4,51.8,29.5,37.2,995.9,203.0004008,2.48908334
213,5/27/2015 20:00,91.5,66.3,28.8,40.1,996.3,213.5484001,2.591999996
214,5/27/2015 21:00,85.9,65.6,28.5,40.4,997.1,187.2864006,2.062916666
215,5/27/2015 22:00,101.7,84.2,27.5,44.8,997.1,148.4231998,3.212666657
216,5/27/2015 23:00,124.7,97.1,26.1,49.7,997.2,156.0215997,3.112916668
217,5/28/2015 0:00,119.7,91.8,25.5,50.9,997.1,158.4732011,2.773416678
218,5/28/2015 1:00,109.2,81.7,25.3,50.9,997.0,175.2539994,2.420083336
219,5/28/2015 2:00,100.2,76.3,25.0,51.4,996.4,180.0828002,1.951999999
220,5/28/2015 3:00,105.6,83.3,24.6,52.5,996.2,219.7943995,2.149083323
221,5/28/2015 4:00,109.7,83.4,23.9,54.7,996.3,227.2560008,2.307583336
222,5/28/2015 5:00,114.8,86.7,23.5,56.6,996.8,235.3583993,1.65441666
223,5/28/2015 6:00,117.8,92.2,24.3,56.1,996.9,275.5548001,1.187666671
224,5/28/2015 7:00,131.1,101.8,24.9,55.3,997.1,280.2419993,1.507166661
225,5/28/2015 8:00,139.3,103.1,25.5,54.0,997.1,281.845199,1.968250018
226,5/28/2015 9:00,143.6,105.1,26.9,50.9,997.1,273.5819985,1.730583336
227,5/28/2015 10:00,128.6,94.0,28.6,46.7,997.0,190.6824004,1.93441666
228,5/28/2015 11:00,102.8,80.3,29.4,45.2,996.5,176.0063995,2.654583319
229,5/28/2015 12:00,91.7,72.9,29.9,44.3,996.2,192.0600001,3.614583317
230,5/28/2015 13:00,80.1,62.9,29.7,42.7,995.7,192.0683999,3.771249996
231,5/28/2015 14:00,81.5,68.9,29.6,42.9,995.6,168.4079992,3.348
232,5/28/2015 15:00,76.0,60.8,29.3,41.2,995.3,173.8056,3.131000002
233,5/28/2015 16:00,67.7,59.4,28.6,40.7,995.7,174.7596003,3.419999997
234,5/28/2015 17:00,76.9,73.6,28.4,44.6,996.0,200.5367996,3.099999988
235,5/28/2015 18:00,77.7,67.8,28.0,45.5,996.2,185.6987994,3.116416665
236,5/28/2015 19:00,77.6,67.7,27.5,45.2,996.7,182.5908005,2.593916672
237,5/28/2015 20:00,75.0,66.8,27.2,46.9,997.1,184.2336009,2.440666645
238,5/28/2015 21:00,74.5,62.7,27.0,47.4,997.5,198.0587997,2.23266667
239,5/28/2015 22:00,79.6,72.4,25.9,53.0,997.8,206.5367998,2.621916685
240,5/28/2015 23:00,87.6,75.7,24.9,59.5,998.0,220.9307994,1.84983334
241,5/29/2015 0:00,95.4,74.4,24.7,62.1,998.0,238.6067983,1.453499997
242,5/29/2015 1:00,101.9,77.7,23.8,67.5,998.2,285.0083987,1.519833333
243,5/29/2015 2:00,95.5,73.3,23.3,65.1,997.8,296.9520002,1.373750007
244,5/29/2015 3:00,104.7,84.3,22.9,67.3,997.9,232.5540002,1.225416667
245,5/29/2015 4:00,100.5,75.6,22.4,70.4,998.4,192.7163989,1.527083326
246,5/29/2015 5:00,103.1,73.5,21.7,78.3,998.6,251.1647991,1.319666664
247,5/29/2015 6:00,102.3,72.0,21.7,76.3,998.7,277.690801,1.06658333
248,5/29/2015 7:00,100.1,68.0,22.6,71.2,999.0,188.8103992,1.379583322
249,5/29/2015 8:00,96.6,66.5,23.5,67.2,999.0,243.4368005,1.854749995
250,5/29/2015 9:00,94.2,64.4,25.3,60.0,999.2,189.4116012,0.843833328
251,5/29/2015 10:00,59.8,36.6,28.2,44.8,999.2,207.2508004,1.213999998
252,5/29/2015 11:00,32.8,16.4,30.0,36.7,998.7,258.8580005,1.647083333
253,5/29/2015 12:00,9.3,-10.1,32.2,25.7,998.0,228.4091997,1.945250008
254,5/29/2015 13:00,-7.5,-17.3,33.8,14.5,997.4,248.0063987,2.462666667
255,5/29/2015 14:00,,,33.4,12.7,997.0,283.7243991,2.987583325
256,5/29/2015 15:00,,,33.9,14.5,996.2,212.7383984,2.465333337
257,5/29/2015 16:00,30.7,-12.3,30.5,33.1,996.1,161.7372004,3.966750016
258,5/29/2015 17:00,29.8,-32.1,29.6,36.5,996.4,183.2063994,3.703249977
259,5/29/2015 18:00,30.9,-14.9,28.4,39.6,997.1,202.377601,3.613249995
260,5/29/2015 19:00,37.7,16.5,27.3,43.9,997.9,186.7200003,3.161000001
261,5/29/2015 20:00,41.9,32.7,26.6,45.8,999.1,182.0159996,2.616416661
262,5/29/2015 21:00,36.1,29.0,26.1,46.1,1000.0,163.4088001,2.15300001
263,5/29/2015 22:00,35.0,30.6,25.8,46.6,1000.5,160.4279998,1.783583342
264,5/29/2015 23:00,43.5,36.4,25.1,50.5,1001.0,258.5076,1.42966667
265,5/30/2015 0:00,70.6,59.1,23.8,58.6,1001.0,239.7587999,0.943666657
266,5/30/2015 1:00,74.2,49.7,22.8,63.1,1001.0,268.5624001,1.090583329
267,5/30/2015 2:00,67.3,42.8,22.1,65.6,1000.8,279.939601,1.170333335
268,5/30/2015 3:00,72.4,46.8,21.3,68.6,1000.8,243.9695999,0.54558333
269,5/30/2015 4:00,66.3,44.4,20.9,70.3,1001.2,202.9296002,0.662999993
270,5/30/2015 5:00,57.3,30.9,20.6,66.3,1001.8,252.2268006,0.847166665
271,5/30/2015 6:00,33.8,7.7,22.8,44.0,1002.3,243.5916,1.312499998
272,5/30/2015 7:00,34.8,24.1,23.5,41.7,1002.7,118.044,1.688999998
273,5/30/2015 8:00,9.2,-1.9,25.4,27.0,1003.0,165.2255994,1.270749988
274,5/30/2015 9:00,1.3,0.2,27.0,22.7,1002.9,146.9808001,1.342916663
275,5/30/2015 10:00,15.6,23.3,27.1,29.2,1002.4,137.8992008,2.015333328
276,5/30/2015 11:00,32.4,22.1,28.1,32.6,1001.8,130.5708003,2.728916662
277,5/30/2015 12:00,25.6,12.8,29.1,28.4,1000.8,133.9679996,3.003416669
278,5/30/2015 13:00,38.2,29.7,30.2,28.9,999.6,174.7055995,2.811750001
279,5/30/2015 14:00,37.9,18.8,30.7,26.8,998.5,169.3703996,3.408416673
280,5/30/2015 15:00,36.2,20.9,31.0,25.1,997.6,178.5756004,3.435250004
281,5/30/2015 16:00,41.1,39.2,30.4,29.3,997.2,185.8475998,3.828083344
282,5/30/2015 17:00,60.8,65.3,29.3,39.6,996.9,185.9219992,3.827416676
283,5/30/2015 18:00,74.6,59.7,28.2,41.2,996.9,190.8623999,3.933083342
284,5/30/2015 19:00,57.4,50.1,27.3,42.2,997.3,181.1759998,4.077833335
285,5/30/2015 20:00,66.6,63.1,26.9,46.3,997.7,173.3135993,2.696166656
286,5/30/2015 21:00,40.2,33.2,26.1,48.4,998.2,146.1960005,3.528333342
287,5/30/2015 22:00,30.5,29.9,25.2,50.9,998.2,141.7103999,3.051833336
288,5/30/2015 23:00,42.2,34.9,24.5,55.5,997.9,143.2283999,2.795333326
289,5/31/2015 0:00,48.5,37.1,24.1,57.1,997.7,143.5692002,1.524916661
290,5/31/2015 1:00,45.3,33.8,23.5,58.8,997.0,145.9463995,1.50983334
291,5/31/2015 2:00,39.2,17.3,21.9,57.6,996.8,232.9115982,1.100666657
292,5/31/2015 3:00,26.3,18.7,21.3,57.1,996.5,251.5799992,1.036916666
293,5/31/2015 4:00,27.7,22.1,20.8,58.4,996.6,278.3279987,1.299583321
294,5/31/2015 5:00,31.0,24.6,20.8,58.8,996.6,276.2087993,1.056666667
295,5/31/2015 6:00,39.6,32.6,22.0,56.2,996.8,295.0139987,1.700833334
296,5/31/2015 7:00,47.7,35.3,23.9,52.0,996.7,231.1835994,1.34408333
297,5/31/2015 8:00,49.3,35.9,25.2,49.0,996.3,219.0947986,1.510916666
298,5/31/2015 9:00,56.3,40.7,27.5,43.6,995.8,191.0027995,1.325333325
299,5/31/2015 10:00,48.1,29.9,28.4,38.8,995.3,174.2123999,2.342583329
300,5/31/2015 11:00,46.4,34.5,29.4,36.3,994.5,172.3320009,2.847999992
301,5/31/2015 12:00,36.7,28.6,29.8,35.3,993.7,184.1879995,3.688666673
302,5/31/2015 13:00,27.6,25.2,31.4,32.8,992.6,177.1644002,3.808416657
303,5/31/2015 14:00,36.1,30.7,32.8,31.1,991.3,186.1595992,3.324583352
304,5/31/2015 15:00,35.4,32.7,32.6,31.8,990.3,186.7980001,4.949666679
305,5/31/2015 16:00,46.7,45.5,33.0,32.8,989.8,175.2107994,4.496666662
306,5/31/2015 17:00,54.8,52.1,33.1,33.4,989.6,184.0704011,2.930916652
307,5/31/2015 18:00,59.8,55.4,32.7,34.8,990.1,149.8956004,2.806583327
308,5/31/2015 19:00,61.1,52.4,31.7,35.5,990.8,146.9723994,2.926416667
309,5/31/2015 20:00,56.3,51.3,31.2,36.6,991.4,166.0068,3.083000004
310,5/31/2015 21:00,55.5,54.2,30.8,38.5,991.8,198.9732005,2.31916667
311,5/31/2015 22:00,61.3,56.8,30.0,40.8,991.9,226.5047994,2.364666664
312,5/31/2015 23:00,67.2,65.5,29.1,44.4,992.1,247.9499994,2.173916682
313,6/1/2015 0:00,70.4,60.0,28.5,46.5,992.2,209.6771999,2.143583328
314,6/1/2015 1:00,75.5,68.7,28.0,49.4,992.0,213.8100019,1.700166672
315,6/1/2015 2:00,77.2,64.9,26.8,51.6,992.2,282.4428012,1.191833329
316,6/1/2015 3:00,76.0,61.7,25.7,53.2,992.6,308.1768007,1.611916668
317,6/1/2015 4:00,71.8,56.9,24.8,54.1,993.1,269.8536006,1.403416662
318,6/1/2015 5:00,68.5,56.0,24.6,55.5,993.2,262.625999,0.9685
319,6/1/2015 6:00,78.7,70.7,25.5,55.2,993.1,287.3003998,1.397333339
320,6/1/2015 7:00,89.0,77.6,26.4,53.8,993.5,255.7307988,1.614500003
321,6/1/2015 8:00,95.4,86.2,28.5,50.1,993.6,187.6884008,1.585249996
322,6/1/2015 9:00,100.1,90.4,28.5,51.2,993.8,159.9059998,1.364333334
323,6/1/2015 10:00,104.8,92.6,29.6,48.8,994.0,128.9952005,1.723916656
324,6/1/2015 11:00,104.5,88.9,30.7,45.2,994.0,115.1364002,2.588749998
325,6/1/2015 12:00,105.6,86.9,31.5,43.6,993.6,128.1143996,2.943916657
326,6/1/2015 13:00,97.7,85.1,33.1,38.8,993.1,129.3108007,2.238333328
327,6/1/2015 14:00,105.5,85.9,33.3,37.1,992.8,152.9819997,2.454416668
328,6/1/2015 15:00,109.8,95.7,32.9,38.2,993.0,146.7744001,2.081166676
329,6/1/2015 16:00,101.0,79.6,32.5,37.4,993.0,159.8159997,2.098
330,6/1/2015 17:00,81.7,58.8,32.4,34.6,993.2,204.2279997,2.219000002
331,6/1/2015 18:00,42.7,19.1,32.4,28.2,993.3,202.8324002,1.815916666
332,6/1/2015 19:00,56.2,45.4,31.4,31.5,993.4,224.7492009,2.060666666
333,6/1/2015 20:00,70.4,60.2,30.7,34.4,993.9,142.8048001,1.344666667
334,6/1/2015 21:00,93.4,91.6,30.2,39.3,994.5,126.7452006,2.505833331
335,6/1/2015 22:00,143.5,134.8,29.2,52.6,995.5,170.3964012,1.627916672
336,6/1/2015 23:00,141.1,114.7,28.1,55.5,996.1,182.8908003,1.598833327
337,6/2/2015 0:00,91.4,66.4,27.0,48.9,996.6,146.2340009,1.588611114
338,6/2/2015 1:00,,,25.3,49.8,997.4,133.6409999,1.724166664
339,6/2/2015 2:00,,,24.2,55.0,998.3,123.1919998,2.205666671
340,6/2/2015 3:00,,,23.9,56.7,999.0,175.9991988,1.624249998
341,6/2/2015 4:00,,,23.9,51.1,999.6,221.7347997,1.353250001
342,6/2/2015 5:00,,,26.6,19.0,1000.1,252.6695992,3.04641667
343,6/2/2015 6:00,,,27.3,18.6,1000.9,261.6396002,3.769500003
344,6/2/2015 7:00,,,27.5,18.8,1001.8,291.3623977,4.397749984
345,6/2/2015 8:00,,,28.2,18.1,1002.2,258.7992011,3.895750004
346,6/2/2015 9:00,,,28.4,16.0,1002.6,270.4583998,4.983166659
347,6/2/2015 10:00,,,28.7,16.0,1002.5,291.5951988,6.039833331
348,6/2/2015 11:00,,,30.2,14.1,1002.5,287.7215997,4.934750007
349,6/2/2015 12:00,,,31.4,11.9,1002.0,277.8851986,4.453666659
350,6/2/2015 13:00,,,32.2,10.0,1001.7,272.6351994,4.218416667
351,6/2/2015 14:00,,,32.7,8.6,1001.2,296.9040006,4.963833346
352,6/2/2015 15:00,-0.3,-11.6,33.4,7.6,1000.6,288.3708014,4.338666666
353,6/2/2015 16:00,-0.8,-5.0,33.9,6.5,1000.3,291.0311994,4.150666644
354,6/2/2015 17:00,3.7,-2.9,33.4,6.2,1000.1,295.83,3.994833332
355,6/2/2015 18:00,10.8,4.1,32.6,6.1,1000.6,302.5644,3.927666668
356,6/2/2015 19:00,16.7,7.6,31.0,7.0,1001.8,294.9996007,2.739416663
357,6/2/2015 20:00,28.8,16.2,29.1,9.0,1002.9,296.6255995,2.0795
358,6/2/2015 21:00,31.1,22.1,27.9,10.1,1004.2,144.9107999,1.044333329
359,6/2/2015 22:00,39.2,25.8,26.4,12.9,1005.2,295.5335977,1.386083331
360,6/2/2015 23:00,80.1,60.9,25.4,24.6,1006.0,125.4216004,2.261750011
361,6/3/2015 0:00,66.0,72.5,23.1,49.9,1006.6,109.1976001,2.308416672
362,6/3/2015 1:00,,,22.2,52.3,1007.4,115.9125521,1.494482755
363,6/3/2015 2:00,,,21.4,54.7,1007.6,238.6331997,1.589833341
364,6/3/2015 3:00,,,20.7,55.5,1008.0,281.2428008,1.514250008
365,6/3/2015 4:00,,,20.1,56.4,1008.4,267.7896014,1.190249998
366,6/3/2015 5:00,,,20.4,56.4,1008.2,285.0324009,1.309583342
367,6/3/2015 6:00,,,22.6,52.2,1008.2,275.6867995,1.260583334
368,6/3/2015 7:00,,,23.8,47.2,1008.2,294.8063989,1.636749992
369,6/3/2015 8:00,,,25.9,39.1,1008.3,237.3228001,1.325666673
370,6/3/2015 9:00,,,27.4,32.6,1007.9,248.5031995,1.868416665
371,6/3/2015 10:00,,,29.5,24.2,1007.1,189.8904004,2.03350002
372,6/3/2015 11:00,,,32.5,16.6,1006.1,180.4152009,1.674166672
373,6/3/2015 12:00,,,32.7,9.3,1005.5,181.521599,2.396249993
374,6/3/2015 13:00,29.2,22.3,31.9,15.7,1004.6,196.3583997,3.702166677
375,6/3/2015 14:00,-7.4,0.6,31.7,14.4,1004.0,191.771999,3.219916672
376,6/3/2015 15:00,21.6,10.1,31.5,14.3,1003.5,198.7632011,4.526583326
377,6/3/2015 16:00,7.0,4.4,30.5,15.0,1003.0,203.6328,4.410833315
378,6/3/2015 17:00,16.2,10.4,30.0,15.3,1002.9,187.6043996,4.106750013
379,6/3/2015 18:00,30.9,19.8,29.3,17.1,1002.9,191.2836004,3.92233334
380,6/3/2015 19:00,35.0,25.3,28.8,19.8,1003.0,189.7152004,3.722000003
381,6/3/2015 20:00,9.9,11.7,28.3,18.4,1003.0,203.5031995,3.820833327
382,6/3/2015 21:00,43.4,27.0,27.6,21.5,1002.9,208.1508001,3.688583316
383,6/3/2015 22:00,36.7,34.3,27.0,25.8,1002.8,219.6684008,2.89733333
384,6/3/2015 23:00,37.3,32.2,26.6,27.0,1002.3,225.7919998,2.398166662
385,6/4/2015 0:00,39.4,34.3,26.1,28.9,1001.9,247.0739991,1.253333332
386,6/4/2015 1:00,40.3,32.9,26.2,28.6,1001.3,184.9344014,1.143499997
387,6/4/2015 2:00,43.3,43.7,25.4,32.6,1000.9,273.3036006,1.115999999
388,6/4/2015 3:00,48.3,42.4,25.0,35.0,1000.4,221.1227986,0.751666665
389,6/4/2015 4:00,44.8,37.6,25.0,35.1,1000.2,242.5236005,0.927499995
390,6/4/2015 5:00,28.9,26.4,25.1,34.6,999.9,225.4740003,0.855583331
391,6/4/2015 6:00,37.5,36.7,24.5,39.0,999.4,260.4059992,1.192750001
392,6/4/2015 7:00,47.6,36.2,24.4,36.6,999.3,263.9699999,1.609999989
393,6/4/2015 8:00,56.8,59.1,23.7,44.0,999.3,291.9444012,1.267750007
394,6/4/2015 9:00,30.3,31.8,22.6,50.7,999.1,169.7220004,1.066416665
395,6/4/2015 10:00,29.5,36.2,21.6,60.4,998.6,206.0891998,0.956749995
396,6/4/2015 11:00,32.2,37.0,20.4,68.6,998.2,236.9700005,1.621083331
397,6/4/2015 12:00,32.7,17.5,19.9,65.9,997.1,182.5487995,3.165499993
398,6/4/2015 13:00,38.0,34.8,19.4,71.3,996.3,192.6852,2.514249986
399,6/4/2015 14:00,27.8,22.5,18.3,76.7,995.8,187.1280005,3.514416677
400,6/4/2015 15:00,39.2,32.9,18.8,76.3,995.4,203.6904004,2.960083339
401,6/4/2015 16:00,45.3,34.6,20.9,68.1,994.5,206.2271984,2.733333325
402,6/4/2015 17:00,42.0,27.4,21.9,61.0,993.8,210.7211995,1.750333322
403,6/4/2015 18:00,41.9,35.2,21.6,60.7,993.8,228.4500008,2.44491667
404,6/4/2015 19:00,58.3,51.5,20.8,66.8,994.1,214.4568003,3.230250011
405,6/4/2015 20:00,61.6,44.3,20.2,69.5,994.1,244.4555992,2.334583351
406,6/4/2015 21:00,50.1,24.2,20.1,64.5,994.1,247.4304003,2.713083344
407,6/4/2015 22:00,40.6,29.5,20.1,63.5,993.8,236.0423989,1.674166663
408,6/4/2015 23:00,26.3,7.5,20.0,61.1,993.6,261.1739998,2.024249998
409,6/5/2015 0:00,-4.9,-12.1,20.0,53.1,992.7,240.0959986,1.704833333
410,6/5/2015 1:00,-1.7,-2.0,19.7,54.7,992.1,248.7972008,1.556249999
411,6/5/2015 2:00,6.5,11.8,18.9,61.1,992.1,248.5127998,1.860750001
412,6/5/2015 3:00,19.8,16.4,18.8,63.5,991.9,228.4344009,1.754833344
413,6/5/2015 4:00,19.5,14.5,19.1,60.2,991.7,235.1208013,0.974416673
414,6/5/2015 5:00,25.2,27.9,19.1,67.3,991.8,224.8007981,0.808833329
415,6/5/2015 6:00,20.6,12.9,22.0,57.5,991.8,243.4824006,0.650666666
416,6/5/2015 7:00,28.8,16.4,23.3,49.2,991.9,122.0328,1.157416667
417,6/5/2015 8:00,32.2,22.1,24.6,45.4,992.1,192.5171994,1.200666663
418,6/5/2015 9:00,32.6,23.4,25.2,43.0,991.8,138.1152007,1.692166667
419,6/5/2015 10:00,45.4,35.0,26.8,40.2,991.8,152.4263997,2.027916669
420,6/5/2015 11:00,53.3,33.9,28.1,38.2,991.3,132.4848,2.451083329
421,6/5/2015 12:00,33.4,9.9,29.7,32.8,990.8,167.7383993,2.545583326
422,6/5/2015 13:00,23.5,13.3,30.7,29.7,990.1,167.0256006,2.72508332
423,6/5/2015 14:00,14.2,4.2,31.8,27.0,989.5,173.5847997,2.536750001
424,6/5/2015 15:00,19.3,18.4,32.0,27.9,989.0,178.5984,2.804833322
425,6/5/2015 16:00,34.3,36.5,31.2,31.2,988.9,192.1068002,2.711999998
426,6/5/2015 17:00,56.3,62.5,30.4,34.8,989.1,208.9127996,2.720750012
427,6/5/2015 18:00,70.7,103.6,26.9,57.2,990.5,249.1955997,1.244416662
428,6/5/2015 19:00,60.0,39.3,25.8,57.3,991.7,161.6135994,1.517166671
429,6/5/2015 20:00,55.8,48.3,24.9,59.9,991.9,236.7335992,1.724333334
430,6/5/2015 21:00,43.5,26.7,24.2,57.1,992.5,189.9996005,0.911749998
431,6/5/2015 22:00,41.4,25.4,23.6,58.0,992.8,191.2392003,1.071916661
432,6/5/2015 23:00,42.3,31.4,22.9,59.7,993.3,194.9484003,1.194500002
433,6/6/2015 0:00,34.4,22.0,22.5,59.7,993.9,254.4347994,1.360166671
434,6/6/2015 1:00,16.8,9.8,22.1,58.9,994.1,157.8360001,1.003166663
435,6/6/2015 2:00,16.3,11.6,21.7,59.6,994.1,110.0315999,1.691916669
436,6/6/2015 3:00,20.5,17.4,21.3,62.2,994.4,189.3803989,1.027999996
437,6/6/2015 4:00,18.8,7.3,21.0,60.7,994.5,169.7003999,1.313916664
438,6/6/2015 5:00,14.5,5.9,21.3,55.0,994.8,164.0003997,1.320666672
439,6/6/2015 6:00,12.0,10.8,22.5,52.3,995.1,129.2435987,1.544416666
440,6/6/2015 7:00,13.5,7.4,24.3,46.9,995.3,161.8188006,1.338916669
441,6/6/2015 8:00,10.7,3.0,26.2,39.4,995.4,228.8040008,1.514833328
442,6/6/2015 9:00,7.3,0.8,27.8,34.7,995.2,190.352399,1.624999993
443,6/6/2015 10:00,4.8,-1.3,28.9,31.6,995.1,146.3988009,1.676166657
444,6/6/2015 11:00,4.7,-0.5,30.1,29.2,994.7,127.3080001,1.691499998
445,6/6/2015 12:00,3.3,-4.0,30.1,28.1,994.0,110.2572013,2.281333338
446,6/6/2015 13:00,11.6,7.1,30.3,28.0,992.7,117.1908001,2.641916664
447,6/6/2015 14:00,35.5,39.5,29.6,32.1,992.7,178.5480005,2.133583333
448,6/6/2015 15:00,37.1,42.2,27.4,41.4,994.4,289.0427999,2.708833332
449,6/6/2015 16:00,25.3,27.0,26.5,45.5,995.5,258.4847997,2.825916662
450,6/6/2015 17:00,24.0,22.5,25.7,47.5,995.6,245.550002,2.47133334
451,6/6/2015 18:00,20.9,27.4,24.6,55.6,996.3,249.5964001,1.500833338
452,6/6/2015 19:00,24.9,34.9,24.0,61.4,996.6,223.3439988,1.377666671
453,6/6/2015 20:00,29.9,-3.2,23.8,52.6,997.3,252.613199,1.326000001
454,6/6/2015 21:00,13.9,0.0,23.8,39.1,998.3,218.7371997,1.228833334
455,6/6/2015 22:00,15.7,15.6,23.1,45.9,998.3,178.8179994,0.953833331
456,6/6/2015 23:00,15.7,20.6,21.7,57.9,998.4,136.9020007,1.401500004
457,6/7/2015 0:00,14.8,,22.3,42.4,998.7,269.4444003,2.358666671
458,6/7/2015 1:00,13.0,1.9,22.6,35.6,1000.0,161.9603994,1.088583333
459,6/7/2015 2:00,6.5,2.3,21.6,38.2,1000.4,315.648,2.612166666
460,6/7/2015 3:00,7.2,3.2,20.6,40.3,1000.6,228.3299999,0.952583333
461,6/7/2015 4:00,11.8,9.5,19.7,43.6,1001.3,250.5047986,0.978833335
462,6/7/2015 5:00,12.4,12.1,20.2,44.9,1002.0,290.7887999,1.280499997
463,6/7/2015 6:00,14.4,12.2,22.9,41.2,1002.1,233.1767999,1.029249992
464,6/7/2015 7:00,16.9,12.0,23.6,37.9,1002.3,137.5871996,1.231250002
465,6/7/2015 8:00,10.7,7.4,24.8,35.3,1002.2,138.5832003,1.453666672
466,6/7/2015 9:00,11.4,7.5,26.4,31.3,1002.1,186.7200013,1.697833341
467,6/7/2015 10:00,7.1,-3.7,28.1,26.1,1001.6,149.988,1.741000004
468,6/7/2015 11:00,8.0,-6.6,28.8,20.1,1001.2,145.6008006,2.204333327
469,6/7/2015 12:00,2.6,1.4,30.1,17.3,1000.8,213.0035996,2.139166669
470,6/7/2015 13:00,8.3,-1.1,28.5,17.2,1000.4,149.5200003,2.154499997
471,6/7/2015 14:00,9.8,13.6,27.8,19.0,1000.6,213.8555989,2.244916672
472,6/7/2015 15:00,17.2,13.0,27.1,22.0,1001.5,161.2235993,1.912583329
473,6/7/2015 16:00,15.7,17.4,25.2,27.8,1002.1,256.6308015,4.007249975
474,6/7/2015 17:00,8.9,13.4,23.2,34.3,1002.3,262.276799,3.203833352
475,6/7/2015 18:00,4.4,5.3,23.2,35.6,1001.9,281.4072011,1.521083329
476,6/7/2015 19:00,5.9,8.2,22.5,38.7,1001.6,255.7812005,1.276416666
477,6/7/2015 20:00,14.7,25.9,21.3,51.2,1001.2,290.7815996,1.51091667
478,6/7/2015 21:00,19.1,13.1,20.7,51.7,1001.3,306.9947971,1.801499995
479,6/7/2015 22:00,13.2,0.5,20.0,44.7,1001.3,297.1116006,1.830999993
480,6/7/2015 23:00,8.2,4.3,19.5,45.4,1001.0,260.7180021,1.180999997
481,6/8/2015 0:00,10.3,8.1,19.0,47.7,1000.7,304.2863989,1.476999999
482,6/8/2015 1:00,6.2,3.0,18.6,48.9,1000.3,286.9500019,1.275333336
483,6/8/2015 2:00,9.2,7.4,18.4,49.7,999.9,278.9747988,1.151083332
484,6/8/2015 3:00,8.8,4.8,18.7,48.8,999.9,180.3395999,1.118916665
485,6/8/2015 4:00,10.0,14.3,17.9,55.4,999.7,250.7963994,1.085666665
486,6/8/2015 5:00,13.2,15.3,18.3,58.6,999.7,279.8279996,0.869500003
487,6/8/2015 6:00,16.2,15.4,21.5,51.1,999.9,263.5872002,1.086333332
488,6/8/2015 7:00,16.3,3.2,22.9,41.8,1000.0,242.5032001,1.20808333
489,6/8/2015 8:00,10.3,4.5,25.1,35.5,999.8,185.2043993,1.050083335
490,6/8/2015 9:00,,,26.2,31.5,999.2,299.4300002,3.049166671
491,6/8/2015 10:00,,,27.4,25.9,998.6,283.0079981,3.351916665
492,6/8/2015 11:00,,,28.9,22.4,997.9,288.9503988,3.412916666
493,6/8/2015 12:00,,,30.2,20.5,996.9,292.2312015,3.102166683
494,6/8/2015 13:00,,,32.1,18.4,996.0,256.0823992,2.227249991
495,6/8/2015 14:00,,,31.5,22.4,995.5,201.5123992,2.913166684
496,6/8/2015 15:00,,,31.0,23.7,995.1,215.3928004,3.09825001
497,6/8/2015 16:00,,,30.1,25.8,995.3,240.5783981,2.833499992
498,6/8/2015 17:00,,,27.7,33.2,995.7,227.7372002,2.980083338
499,6/8/2015 18:00,18.8,63.4,27.2,35.2,995.4,243.3071992,3.448666672
500,6/8/2015 19:00,23.8,63.5,25.7,39.9,995.5,261.0335988,2.105666665
501,6/8/2015 20:00,24.0,62.3,25.3,40.6,995.5,293.6496005,1.070916661
502,6/8/2015 21:00,35.3,68.9,25.3,40.8,995.8,198.9648004,0.577666663
503,6/8/2015 22:00,37.1,68.5,24.6,43.0,995.9,262.8563973,0.947333328
504,6/8/2015 23:00,38.7,68.5,23.7,46.7,996.0,248.8296007,0.739416663
